path,modified,source_url,url
atmosphere_tables/MCDMeanAtmosphere.dat,2024-10-04T00:00:00+00:00,https://raw.githubusercontent.com/tudat-team/tudat-resources/refs/tags/2.4/resource//atmosphere_tables/MCDMeanAtmosphere.dat,https://zenodo.org/api/records/21277280/files/atmosphere_tables.tar.gz/content
atmosphere_tables/MCDMeanAtmosphereTimeAverage/density.dat,2024-10-04T00:00:00+00:00,https://raw.githubusercontent.com/tudat-team/tudat-resources/refs/tags/2.4/resource//atmosphere_tables/MCDMeanAtmosphereTimeAverage/density.dat,https://zenodo.org/api/records/21277280/files/atmosphere_tables.tar.gz/content
atmosphere_tables/MCDMeanAtmosphereTimeAverage/gasConstant.dat,2024-10-04T00:00:00+00:00,https://raw.githubusercontent.com/tudat-team/tudat-resources/refs/tags/2.4/resource//atmosphere_tables/MCDMeanAtmosphereTimeAverage/gasConstant.dat,https://zenodo.org/api/records/21277280/files/atmosphere_tables.tar.gz/content
atmosphere_tables/MCDMeanAtmosphereTimeAverage/pressure.dat,2024-10-04T00:00:00+00:00,https://raw.githubusercontent.com/tudat-team/tudat-resources/refs/tags/2.4/resource//atmosphere_tables/MCDMeanAtmosphereTimeAverage/pressure.dat,https://zenodo.org/api/records/21277280/files/atmosphere_tables.tar.gz/content
atmosphere_tables/MCDMeanAtmosphereTimeAverage/specificHeatRatio.dat,2024-10-04T00:00:00+00:00,https://raw.githubusercontent.com/tudat-team/tudat-resources/refs/tags/2.4/resource//atmosphere_tables/MCDMeanAtmosphereTimeAverage/specificHeatRatio.dat,https://zenodo.org/api/records/21277280/files/atmosphere_tables.tar.gz/content
atmosphere_tables/MCDMeanAtmosphereTimeAverage/temperature.dat,2024-10-04T00:00:00+00:00,https://raw.githubusercontent.com/tudat-team/tudat-resources/refs/tags/2.4/resource//atmosphere_tables/MCDMeanAtmosphereTimeAverage/temperature.dat,https://zenodo.org/api/records/21277280/files/atmosphere_tables.tar.gz/content
atmosphere_tables/USSA1976Until100kmPer100mUntil1000kmPer1000m.dat,2024-10-04T00:00:00+00:00,https://raw.githubusercontent.com/tudat-team/tudat-resources/refs/tags/2.4/resource//atmosphere_tables/USSA1976Until100kmPer100mUntil1000kmPer1000m.dat,https://zenodo.org/api/records/21277280/files/atmosphere_tables.tar.gz/content
atmosphere_tables/USSA1976Until100kmPer100mUntil1000kmPer1000m_wHR_GC.dat,2024-10-04T00:00:00+00:00,https://raw.githubusercontent.com/tudat-team/tudat-resources/refs/tags/2.4/resource//atmosphere_tables/USSA1976Until100kmPer100mUntil1000kmPer1000m_wHR_GC.dat,https://zenodo.org/api/records/21277280/files/atmosphere_tables.tar.gz/content
atmosphere_tables/USSA1976Until86kmPer100m.dat,2024-10-04T00:00:00+00:00,https://raw.githubusercontent.com/tudat-team/tudat-resources/refs/tags/2.4/resource//atmosphere_tables/USSA1976Until86kmPer100m.dat,https://zenodo.org/api/records/21277280/files/atmosphere_tables.tar.gz/content
atmosphere_tables/dtm_mars.dat,2024-10-04T00:00:00+00:00,https://raw.githubusercontent.com/tudat-team/tudat-resources/refs/tags/2.4/resource//atmosphere_tables/dtm_mars.dat,https://zenodo.org/api/records/21277280/files/atmosphere_tables.tar.gz/content
atmosphere_tables/nrlmsise00_validation_data.pkl,2024-10-04T00:00:00+00:00,https://raw.githubusercontent.com/tudat-team/tudat-resources/refs/tags/2.4/resource//atmosphere_tables/nrlmsise00_validation_data.pkl,https://zenodo.org/api/records/21277280/files/atmosphere_tables.tar.gz/content
atmosphere_tables/vmf3/anm_bh.txt,2024-10-04T00:00:00+00:00,https://raw.githubusercontent.com/tudat-team/tudat-resources/refs/tags/2.4/resource//atmosphere_tables/vmf3/anm_bh.txt,https://zenodo.org/api/records/21277280/files/atmosphere_tables.tar.gz/content
atmosphere_tables/vmf3/anm_bw.txt,2024-10-04T00:00:00+00:00,https://raw.githubusercontent.com/tudat-team/tudat-resources/refs/tags/2.4/resource//atmosphere_tables/vmf3/anm_bw.txt,https://zenodo.org/api/records/21277280/files/atmosphere_tables.tar.gz/content
atmosphere_tables/vmf3/anm_ch.txt,2024-10-04T00:00:00+00:00,https://raw.githubusercontent.com/tudat-team/tudat-resources/refs/tags/2.4/resource//atmosphere_tables/vmf3/anm_ch.txt,https://zenodo.org/api/records/21277280/files/atmosphere_tables.tar.gz/content
atmosphere_tables/vmf3/anm_cw.txt,2024-10-04T00:00:00+00:00,https://raw.githubusercontent.com/tudat-team/tudat-resources/refs/tags/2.4/resource//atmosphere_tables/vmf3/anm_cw.txt,https://zenodo.org/api/records/21277280/files/atmosphere_tables.tar.gz/content
atmosphere_tables/vmf3/bnm_bh.txt,2024-10-04T00:00:00+00:00,https://raw.githubusercontent.com/tudat-team/tudat-resources/refs/tags/2.4/resource//atmosphere_tables/vmf3/bnm_bh.txt,https://zenodo.org/api/records/21277280/files/atmosphere_tables.tar.gz/content
atmosphere_tables/vmf3/bnm_bw.txt,2024-10-04T00:00:00+00:00,https://raw.githubusercontent.com/tudat-team/tudat-resources/refs/tags/2.4/resource//atmosphere_tables/vmf3/bnm_bw.txt,https://zenodo.org/api/records/21277280/files/atmosphere_tables.tar.gz/content
atmosphere_tables/vmf3/bnm_ch.txt,2024-10-04T00:00:00+00:00,https://raw.githubusercontent.com/tudat-team/tudat-resources/refs/tags/2.4/resource//atmosphere_tables/vmf3/bnm_ch.txt,https://zenodo.org/api/records/21277280/files/atmosphere_tables.tar.gz/content
atmosphere_tables/vmf3/bnm_cw.txt,2024-10-04T00:00:00+00:00,https://raw.githubusercontent.com/tudat-team/tudat-resources/refs/tags/2.4/resource//atmosphere_tables/vmf3/bnm_cw.txt,https://zenodo.org/api/records/21277280/files/atmosphere_tables.tar.gz/content
earth_deformation/diurnalDisplacementFrequencyDependence.txt,2024-10-04T00:00:00+00:00,https://raw.githubusercontent.com/tudat-team/tudat-resources/refs/tags/2.4/resource//earth_deformation/diurnalDisplacementFrequencyDependence.txt,https://zenodo.org/api/records/21277280/files/earth_deformation.tar.gz/content
earth_deformation/diurnalDisplacementFrequencyDependence2.txt,2024-10-04T00:00:00+00:00,https://raw.githubusercontent.com/tudat-team/tudat-resources/refs/tags/2.4/resource//earth_deformation/diurnalDisplacementFrequencyDependence2.txt,https://zenodo.org/api/records/21277280/files/earth_deformation.tar.gz/content
earth_deformation/ilrsStations.blq,2024-10-04T00:00:00+00:00,https://raw.githubusercontent.com/tudat-team/tudat-resources/refs/tags/2.4/resource//earth_deformation/ilrsStations.blq,https://zenodo.org/api/records/21277280/files/earth_deformation.tar.gz/content
earth_deformation/longPeriodDisplacementFrequencyDependence.txt,2024-10-04T00:00:00+00:00,https://raw.githubusercontent.com/tudat-team/tudat-resources/refs/tags/2.4/resource//earth_deformation/longPeriodDisplacementFrequencyDependence.txt,https://zenodo.org/api/records/21277280/files/earth_deformation.tar.gz/content
earth_deformation/oceanTidetest.blq,2024-10-04T00:00:00+00:00,https://raw.githubusercontent.com/tudat-team/tudat-resources/refs/tags/2.4/resource//earth_deformation/oceanTidetest.blq,https://zenodo.org/api/records/21277280/files/earth_deformation.tar.gz/content
earth_orientation/eopc04_08_IAU2000.62-now.txt,2024-10-04T00:00:00+00:00,https://raw.githubusercontent.com/tudat-team/tudat-resources/refs/tags/2.4/resource//earth_orientation/eopc04_08_IAU2000.62-now.txt,https://zenodo.org/api/records/21261530/files/resource-rolling.tar.gz/content
earth_orientation/eopc04_14_IAU2000.62-now.txt,2024-10-04T00:00:00+00:00,https://datacenter.iers.org/data/224/eopc04_14_IAU2000.62-now.txt,https://zenodo.org/api/records/21261530/files/resource-rolling.tar.gz/content
earth_orientation/historicalDeltaT.txt,2024-10-04T00:00:00+00:00,https://raw.githubusercontent.com/tudat-team/tudat-resources/refs/tags/2.4/resource//earth_orientation/historicalDeltaT.txt,https://zenodo.org/api/records/21261530/files/resource-rolling.tar.gz/content
earth_orientation/polarMotionLibrationAmplitudes.txt,2024-10-04T00:00:00+00:00,https://raw.githubusercontent.com/tudat-team/tudat-resources/refs/tags/2.4/resource//earth_orientation/polarMotionLibrationAmplitudes.txt,https://zenodo.org/api/records/21261530/files/resource-rolling.tar.gz/content
earth_orientation/polarMotionLibrationAmplitudesQuasiDiurnalOnly.txt,2024-10-04T00:00:00+00:00,https://raw.githubusercontent.com/tudat-team/tudat-resources/refs/tags/2.4/resource//earth_orientation/polarMotionLibrationAmplitudesQuasiDiurnalOnly.txt,https://zenodo.org/api/records/21261530/files/resource-rolling.tar.gz/content
earth_orientation/polarMotionLibrationFundamentalArgumentMultipliers.txt,2024-10-04T00:00:00+00:00,https://raw.githubusercontent.com/tudat-team/tudat-resources/refs/tags/2.4/resource//earth_orientation/polarMotionLibrationFundamentalArgumentMultipliers.txt,https://zenodo.org/api/records/21261530/files/resource-rolling.tar.gz/content
earth_orientation/polarMotionLibrationFundamentalArgumentMultipliersQuasiDiurnalOnly.txt,2024-10-04T00:00:00+00:00,https://raw.githubusercontent.com/tudat-team/tudat-resources/refs/tags/2.4/resource//earth_orientation/polarMotionLibrationFundamentalArgumentMultipliersQuasiDiurnalOnly.txt,https://zenodo.org/api/records/21261530/files/resource-rolling.tar.gz/content
earth_orientation/polarMotionOceanTidesAmplitudes.txt,2024-10-04T00:00:00+00:00,https://raw.githubusercontent.com/tudat-team/tudat-resources/refs/tags/2.4/resource//earth_orientation/polarMotionOceanTidesAmplitudes.txt,https://zenodo.org/api/records/21261530/files/resource-rolling.tar.gz/content
earth_orientation/polarMotionOceanTidesFundamentalArgumentMultipliers.txt,2024-10-04T00:00:00+00:00,https://raw.githubusercontent.com/tudat-team/tudat-resources/refs/tags/2.4/resource//earth_orientation/polarMotionOceanTidesFundamentalArgumentMultipliers.txt,https://zenodo.org/api/records/21261530/files/resource-rolling.tar.gz/content
earth_orientation/utcLibrationAmplitudes.txt,2024-10-04T00:00:00+00:00,https://raw.githubusercontent.com/tudat-team/tudat-resources/refs/tags/2.4/resource//earth_orientation/utcLibrationAmplitudes.txt,https://zenodo.org/api/records/21261530/files/resource-rolling.tar.gz/content
earth_orientation/utcLibrationFundamentalArgumentMultipliers.txt,2024-10-04T00:00:00+00:00,https://raw.githubusercontent.com/tudat-team/tudat-resources/refs/tags/2.4/resource//earth_orientation/utcLibrationFundamentalArgumentMultipliers.txt,https://zenodo.org/api/records/21261530/files/resource-rolling.tar.gz/content
earth_orientation/utcOceanTidesAmplitudes.txt,2024-10-04T00:00:00+00:00,https://raw.githubusercontent.com/tudat-team/tudat-resources/refs/tags/2.4/resource//earth_orientation/utcOceanTidesAmplitudes.txt,https://zenodo.org/api/records/21261530/files/resource-rolling.tar.gz/content
earth_orientation/utcOceanTidesFundamentalArgumentMultipliers.txt,2024-10-04T00:00:00+00:00,https://raw.githubusercontent.com/tudat-team/tudat-resources/refs/tags/2.4/resource//earth_orientation/utcOceanTidesFundamentalArgumentMultipliers.txt,https://zenodo.org/api/records/21261530/files/resource-rolling.tar.gz/content
ephemeris/eros_obs.txt,2024-10-04T00:00:00+00:00,https://raw.githubusercontent.com/tudat-team/tudat-resources/refs/tags/2.4/resource//ephemeris/eros_obs.txt,https://zenodo.org/api/records/21277280/files/ephemeris.tar.gz/content
ephemeris/p_elem_t1.txt,2024-10-04T00:00:00+00:00,https://raw.githubusercontent.com/tudat-team/tudat-resources/refs/tags/2.4/resource//ephemeris/p_elem_t1.txt,https://zenodo.org/api/records/21277280/files/ephemeris.tar.gz/content
ephemeris/p_elem_t2.txt,2024-10-04T00:00:00+00:00,https://raw.githubusercontent.com/tudat-team/tudat-resources/refs/tags/2.4/resource//ephemeris/p_elem_t2.txt,https://zenodo.org/api/records/21277280/files/ephemeris.tar.gz/content
gravity_models/Earth/GOCO05c.txt,2024-10-04T00:00:00+00:00,https://raw.githubusercontent.com/tudat-team/tudat-resources/refs/tags/2.4/resource//gravity_models/Earth/GOCO05c.txt,https://zenodo.org/api/records/21277280/files/gravity_models.tar.gz/content
gravity_models/Earth/egm96.txt,2024-10-04T00:00:00+00:00,https://raw.githubusercontent.com/tudat-team/tudat-resources/refs/tags/2.4/resource//gravity_models/Earth/egm96.txt,https://zenodo.org/api/records/21277280/files/gravity_models.tar.gz/content
gravity_models/Earth/ggm02c.txt,2024-10-04T00:00:00+00:00,https://raw.githubusercontent.com/tudat-team/tudat-resources/refs/tags/2.4/resource//gravity_models/Earth/ggm02c.txt,https://zenodo.org/api/records/21277280/files/gravity_models.tar.gz/content
gravity_models/Earth/ggm02s.txt,2024-10-04T00:00:00+00:00,https://raw.githubusercontent.com/tudat-team/tudat-resources/refs/tags/2.4/resource//gravity_models/Earth/ggm02s.txt,https://zenodo.org/api/records/21277280/files/gravity_models.tar.gz/content
gravity_models/Mars/jgmro120d.txt,2024-10-04T00:00:00+00:00,https://raw.githubusercontent.com/tudat-team/tudat-resources/refs/tags/2.4/resource//gravity_models/Mars/jgmro120d.txt,https://zenodo.org/api/records/21277280/files/gravity_models.tar.gz/content
gravity_models/Mercury/jgmess_160a_sha.tab,2024-10-04T00:00:00+00:00,https://pds-geosciences.wustl.edu/messenger/mess-h-rss_mla-5-sdp-v1/messrs_1001/data/shadr/jgmess_160a_sha.tab,https://zenodo.org/api/records/21277280/files/gravity_models.tar.gz/content
gravity_models/Moon/gggrx_1200l_sha.tab,2024-10-04T00:00:00+00:00,https://pds-geosciences.wustl.edu/grail/grail-l-lgrs-5-rdr-v1/grail_1001/shadr/gggrx_1200l_sha.tab,https://zenodo.org/api/records/21277280/files/gravity_models.tar.gz/content
gravity_models/Moon/glgm3150.txt,2024-10-04T00:00:00+00:00,https://raw.githubusercontent.com/tudat-team/tudat-resources/refs/tags/2.4/resource//gravity_models/Moon/glgm3150.txt,https://zenodo.org/api/records/21277280/files/gravity_models.tar.gz/content
gravity_models/Moon/lpe200.txt,2024-10-04T00:00:00+00:00,https://raw.githubusercontent.com/tudat-team/tudat-resources/refs/tags/2.4/resource//gravity_models/Moon/lpe200.txt,https://zenodo.org/api/records/21277280/files/gravity_models.tar.gz/content
gravity_models/Venus/shgj180u.a01,2024-10-04T00:00:00+00:00,https://pds-geosciences.wustl.edu/mgn/mgn-v-rss-5-gravity-l2-v1/mg_5201/gravity/shgj180u.a01,https://zenodo.org/api/records/21277280/files/gravity_models.tar.gz/content
quadrature/gaussianNodes.txt,2024-10-04T00:00:00+00:00,https://raw.githubusercontent.com/tudat-team/tudat-resources/refs/tags/2.4/resource//quadrature/gaussianNodes.txt,https://zenodo.org/api/records/21277280/files/quadrature.tar.gz/content
quadrature/gaussianWeights.txt,2024-10-04T00:00:00+00:00,https://raw.githubusercontent.com/tudat-team/tudat-resources/refs/tags/2.4/resource//quadrature/gaussianWeights.txt,https://zenodo.org/api/records/21277280/files/quadrature.tar.gz/content
space_weather/sw19571001.txt,2024-10-04T00:00:00+00:00,https://celestrak.org/SpaceData/sw19571001.txt,https://zenodo.org/api/records/21261530/files/resource-rolling.tar.gz/content
spice_kernels/NOE-4-2020.bsp,2024-10-04T00:00:00+00:00,https://ftp.imcce.fr/pub/ephem/satel/NOE/MARS/2020/NOE-4-2020.bsp,https://zenodo.org/api/records/21277280/files/spice_kernels.tar.gz/content
spice_kernels/NOE-4-2020.tpc,2024-10-04T00:00:00+00:00,https://ftp.imcce.fr/pub/ephem/satel/NOE/MARS/2020/NOE-4-2020.tpc,https://zenodo.org/api/records/21277280/files/spice_kernels.tar.gz/content
spice_kernels/NOE-5-2021.bsp,2024-10-04T00:00:00+00:00,https://ftp.imcce.fr/pub/ephem/satel/NOE/JUPITER/2021/NOE-5-2021.bsp,https://zenodo.org/api/records/21277280/files/spice_kernels.tar.gz/content
spice_kernels/NOE-5-2021.tpc,2024-10-04T00:00:00+00:00,https://ftp.imcce.fr/pub/ephem/satel/NOE/JUPITER/2021/NOE-5-2021.tpc,https://zenodo.org/api/records/21277280/files/spice_kernels.tar.gz/content
spice_kernels/NOE-6-2018-MAIN-v2.bsp,2024-10-04T00:00:00+00:00,https://ftp.imcce.fr/pub/ephem/satel/NOE/SATURNE/2018/NOE-6-2018-MAIN-v2.bsp,https://zenodo.org/api/records/21277280/files/spice_kernels.tar.gz/content
spice_kernels/NOE-6-2018-MAIN-v2.tpc,2024-10-04T00:00:00+00:00,https://ftp.imcce.fr/pub/ephem/satel/NOE/SATURNE/2018/NOE-6-2018-MAIN-v2.tpc,https://zenodo.org/api/records/21277280/files/spice_kernels.tar.gz/content
spice_kernels/celestrak.json,2024-10-04T00:00:00+00:00,https://raw.githubusercontent.com/tudat-team/tudat-resources/refs/tags/2.4/resource//spice_kernels/celestrak.json,https://zenodo.org/api/records/21277280/files/spice_kernels.tar.gz/content
spice_kernels/codes_300ast_20100725.bsp,2024-10-04T00:00:00+00:00,https://naif.jpl.nasa.gov/pub/naif/generic_kernels/spk/asteroids/codes_300ast_20100725.bsp,https://zenodo.org/api/records/21277280/files/spice_kernels.tar.gz/content
spice_kernels/codes_300ast_20100725.cmt,2024-10-04T00:00:00+00:00,https://naif.jpl.nasa.gov/pub/naif/generic_kernels/spk/asteroids/codes_300ast_20100725.cmt,https://zenodo.org/api/records/21277280/files/spice_kernels.tar.gz/content
spice_kernels/codes_300ast_20100725.tf,2024-10-04T00:00:00+00:00,https://naif.jpl.nasa.gov/pub/naif/generic_kernels/spk/asteroids/codes_300ast_20100725.tf,https://zenodo.org/api/records/21277280/files/spice_kernels.tar.gz/content
spice_kernels/de430_mar097_small.bsp,2024-10-04T00:00:00+00:00,https://raw.githubusercontent.com/tudat-team/tudat-resources/refs/tags/2.4/resource//spice_kernels/de430_mar097_small.bsp,https://zenodo.org/api/records/21277280/files/spice_kernels.tar.gz/content
spice_kernels/de440.bsp,2024-10-04T00:00:00+00:00,https://naif.jpl.nasa.gov/pub/naif/generic_kernels/spk/planets/de440.bsp,https://zenodo.org/api/records/21277280/files/spice_kernels.tar.gz/content
spice_kernels/earth_200101_990825_predict.bpc,2024-10-04T00:00:00+00:00,https://naif.jpl.nasa.gov/pub/naif/generic_kernels/pck/a_old_versions/earth_200101_990825_predict.bpc,https://zenodo.org/api/records/21277280/files/spice_kernels.tar.gz/content
spice_kernels/earth_200101_990825_predict.cmt,2024-10-04T00:00:00+00:00,https://naif.jpl.nasa.gov/pub/naif/generic_kernels/pck/a_old_versions/earth_200101_990825_predict.cmt,https://zenodo.org/api/records/21277280/files/spice_kernels.tar.gz/content
spice_kernels/earth_720101_230601.bpc,2024-10-04T00:00:00+00:00,https://naif.jpl.nasa.gov/pub/naif/generic_kernels/pck/a_old_versions/earth_720101_230601.bpc,https://zenodo.org/api/records/21277280/files/spice_kernels.tar.gz/content
spice_kernels/earth_720101_230601.cmt,2024-10-04T00:00:00+00:00,https://naif.jpl.nasa.gov/pub/naif/generic_kernels/pck/a_old_versions/earth_720101_230601.cmt,https://zenodo.org/api/records/21277280/files/spice_kernels.tar.gz/content
spice_kernels/earth_fixed.tf,2024-10-04T00:00:00+00:00,https://naif.jpl.nasa.gov/pub/naif/generic_kernels/pck/earth_fixed.tf,https://zenodo.org/api/records/21277280/files/spice_kernels.tar.gz/content
spice_kernels/earth_latest_high_prec.bpc,2024-10-04T00:00:00+00:00,https://naif.jpl.nasa.gov/pub/naif/generic_kernels/pck/earth_latest_high_prec.bpc,https://zenodo.org/api/records/21277280/files/spice_kernels.tar.gz/content
spice_kernels/earth_latest_high_prec.cmt,2024-10-04T00:00:00+00:00,https://naif.jpl.nasa.gov/pub/naif/generic_kernels/pck/earth_latest_high_prec.cmt,https://zenodo.org/api/records/21277280/files/spice_kernels.tar.gz/content
spice_kernels/gm_de431.tpc,2024-10-04T00:00:00+00:00,https://naif.jpl.nasa.gov/pub/naif/generic_kernels/pck/gm_de431.tpc,https://zenodo.org/api/records/21277280/files/spice_kernels.tar.gz/content
spice_kernels/inpop19a_TCB_m100_p100_asc/inpop19a_TCB_m100_p100_asc_header.asc,2024-10-04T00:00:00+00:00,https://ftp.imcce.fr/pub/ephem/planets/inpop19a/inpop19a_TCB_m100_p100_asc.tar.gz.gz,https://zenodo.org/api/records/21277280/files/inpop19a_TCB_m100_p100_asc.tar.gz/content
spice_kernels/inpop19a_TCB_m100_p100_asc/inpop19a_TCB_m100_p100_asc_pos_EMB.asc,2024-10-04T00:00:00+00:00,https://ftp.imcce.fr/pub/ephem/planets/inpop19a/inpop19a_TCB_m100_p100_asc.tar.gz.gz,https://zenodo.org/api/records/21277280/files/inpop19a_TCB_m100_p100_asc.tar.gz/content
spice_kernels/inpop19a_TCB_m100_p100_asc/inpop19a_TCB_m100_p100_asc_pos_Ear.asc,2024-10-04T00:00:00+00:00,https://ftp.imcce.fr/pub/ephem/planets/inpop19a/inpop19a_TCB_m100_p100_asc.tar.gz.gz,https://zenodo.org/api/records/21277280/files/inpop19a_TCB_m100_p100_asc.tar.gz/content
spice_kernels/inpop19a_TCB_m100_p100_asc/inpop19a_TCB_m100_p100_asc_pos_Jup.asc,2024-10-04T00:00:00+00:00,https://ftp.imcce.fr/pub/ephem/planets/inpop19a/inpop19a_TCB_m100_p100_asc.tar.gz.gz,https://zenodo.org/api/records/21277280/files/inpop19a_TCB_m100_p100_asc.tar.gz/content
spice_kernels/inpop19a_TCB_m100_p100_asc/inpop19a_TCB_m100_p100_asc_pos_Lib.asc,2024-10-04T00:00:00+00:00,https://ftp.imcce.fr/pub/ephem/planets/inpop19a/inpop19a_TCB_m100_p100_asc.tar.gz.gz,https://zenodo.org/api/records/21277280/files/inpop19a_TCB_m100_p100_asc.tar.gz/content
spice_kernels/inpop19a_TCB_m100_p100_asc/inpop19a_TCB_m100_p100_asc_pos_Mar.asc,2024-10-04T00:00:00+00:00,https://ftp.imcce.fr/pub/ephem/planets/inpop19a/inpop19a_TCB_m100_p100_asc.tar.gz.gz,https://zenodo.org/api/records/21277280/files/inpop19a_TCB_m100_p100_asc.tar.gz/content
spice_kernels/inpop19a_TCB_m100_p100_asc/inpop19a_TCB_m100_p100_asc_pos_Mer.asc,2024-10-04T00:00:00+00:00,https://ftp.imcce.fr/pub/ephem/planets/inpop19a/inpop19a_TCB_m100_p100_asc.tar.gz.gz,https://zenodo.org/api/records/21277280/files/inpop19a_TCB_m100_p100_asc.tar.gz/content
spice_kernels/inpop19a_TCB_m100_p100_asc/inpop19a_TCB_m100_p100_asc_pos_Moo.asc,2024-10-04T00:00:00+00:00,https://ftp.imcce.fr/pub/ephem/planets/inpop19a/inpop19a_TCB_m100_p100_asc.tar.gz.gz,https://zenodo.org/api/records/21277280/files/inpop19a_TCB_m100_p100_asc.tar.gz/content
spice_kernels/inpop19a_TCB_m100_p100_asc/inpop19a_TCB_m100_p100_asc_pos_Nep.asc,2024-10-04T00:00:00+00:00,https://ftp.imcce.fr/pub/ephem/planets/inpop19a/inpop19a_TCB_m100_p100_asc.tar.gz.gz,https://zenodo.org/api/records/21277280/files/inpop19a_TCB_m100_p100_asc.tar.gz/content
spice_kernels/inpop19a_TCB_m100_p100_asc/inpop19a_TCB_m100_p100_asc_pos_Plu.asc,2024-10-04T00:00:00+00:00,https://ftp.imcce.fr/pub/ephem/planets/inpop19a/inpop19a_TCB_m100_p100_asc.tar.gz.gz,https://zenodo.org/api/records/21277280/files/inpop19a_TCB_m100_p100_asc.tar.gz/content
spice_kernels/inpop19a_TCB_m100_p100_asc/inpop19a_TCB_m100_p100_asc_pos_Sat.asc,2024-10-04T00:00:00+00:00,https://ftp.imcce.fr/pub/ephem/planets/inpop19a/inpop19a_TCB_m100_p100_asc.tar.gz.gz,https://zenodo.org/api/records/21277280/files/inpop19a_TCB_m100_p100_asc.tar.gz/content
spice_kernels/inpop19a_TCB_m100_p100_asc/inpop19a_TCB_m100_p100_asc_pos_Sun.asc,2024-10-04T00:00:00+00:00,https://ftp.imcce.fr/pub/ephem/planets/inpop19a/inpop19a_TCB_m100_p100_asc.tar.gz.gz,https://zenodo.org/api/records/21277280/files/inpop19a_TCB_m100_p100_asc.tar.gz/content
spice_kernels/inpop19a_TCB_m100_p100_asc/inpop19a_TCB_m100_p100_asc_pos_TCG.asc,2024-10-04T00:00:00+00:00,https://ftp.imcce.fr/pub/ephem/planets/inpop19a/inpop19a_TCB_m100_p100_asc.tar.gz.gz,https://zenodo.org/api/records/21277280/files/inpop19a_TCB_m100_p100_asc.tar.gz/content
spice_kernels/inpop19a_TCB_m100_p100_asc/inpop19a_TCB_m100_p100_asc_pos_Ura.asc,2024-10-04T00:00:00+00:00,https://ftp.imcce.fr/pub/ephem/planets/inpop19a/inpop19a_TCB_m100_p100_asc.tar.gz.gz,https://zenodo.org/api/records/21277280/files/inpop19a_TCB_m100_p100_asc.tar.gz/content
spice_kernels/inpop19a_TCB_m100_p100_asc/inpop19a_TCB_m100_p100_asc_pos_Ven.asc,2024-10-04T00:00:00+00:00,https://ftp.imcce.fr/pub/ephem/planets/inpop19a/inpop19a_TCB_m100_p100_asc.tar.gz.gz,https://zenodo.org/api/records/21277280/files/inpop19a_TCB_m100_p100_asc.tar.gz/content
spice_kernels/inpop19a_TCB_m100_p100_asc/inpop19a_TCB_m100_p100_asc_vel_EMB.asc,2024-10-04T00:00:00+00:00,https://ftp.imcce.fr/pub/ephem/planets/inpop19a/inpop19a_TCB_m100_p100_asc.tar.gz.gz,https://zenodo.org/api/records/21277280/files/inpop19a_TCB_m100_p100_asc.tar.gz/content
spice_kernels/inpop19a_TCB_m100_p100_asc/inpop19a_TCB_m100_p100_asc_vel_Ear.asc,2024-10-04T00:00:00+00:00,https://ftp.imcce.fr/pub/ephem/planets/inpop19a/inpop19a_TCB_m100_p100_asc.tar.gz.gz,https://zenodo.org/api/records/21277280/files/inpop19a_TCB_m100_p100_asc.tar.gz/content
spice_kernels/inpop19a_TCB_m100_p100_asc/inpop19a_TCB_m100_p100_asc_vel_Jup.asc,2024-10-04T00:00:00+00:00,https://ftp.imcce.fr/pub/ephem/planets/inpop19a/inpop19a_TCB_m100_p100_asc.tar.gz.gz,https://zenodo.org/api/records/21277280/files/inpop19a_TCB_m100_p100_asc.tar.gz/content
spice_kernels/inpop19a_TCB_m100_p100_asc/inpop19a_TCB_m100_p100_asc_vel_Lib.asc,2024-10-04T00:00:00+00:00,https://ftp.imcce.fr/pub/ephem/planets/inpop19a/inpop19a_TCB_m100_p100_asc.tar.gz.gz,https://zenodo.org/api/records/21277280/files/inpop19a_TCB_m100_p100_asc.tar.gz/content
spice_kernels/inpop19a_TCB_m100_p100_asc/inpop19a_TCB_m100_p100_asc_vel_Mar.asc,2024-10-04T00:00:00+00:00,https://ftp.imcce.fr/pub/ephem/planets/inpop19a/inpop19a_TCB_m100_p100_asc.tar.gz.gz,https://zenodo.org/api/records/21277280/files/inpop19a_TCB_m100_p100_asc.tar.gz/content
spice_kernels/inpop19a_TCB_m100_p100_asc/inpop19a_TCB_m100_p100_asc_vel_Mer.asc,2024-10-04T00:00:00+00:00,https://ftp.imcce.fr/pub/ephem/planets/inpop19a/inpop19a_TCB_m100_p100_asc.tar.gz.gz,https://zenodo.org/api/records/21277280/files/inpop19a_TCB_m100_p100_asc.tar.gz/content
spice_kernels/inpop19a_TCB_m100_p100_asc/inpop19a_TCB_m100_p100_asc_vel_Moo.asc,2024-10-04T00:00:00+00:00,https://ftp.imcce.fr/pub/ephem/planets/inpop19a/inpop19a_TCB_m100_p100_asc.tar.gz.gz,https://zenodo.org/api/records/21277280/files/inpop19a_TCB_m100_p100_asc.tar.gz/content
spice_kernels/inpop19a_TCB_m100_p100_asc/inpop19a_TCB_m100_p100_asc_vel_Nep.asc,2024-10-04T00:00:00+00:00,https://ftp.imcce.fr/pub/ephem/planets/inpop19a/inpop19a_TCB_m100_p100_asc.tar.gz.gz,https://zenodo.org/api/records/21277280/files/inpop19a_TCB_m100_p100_asc.tar.gz/content
spice_kernels/inpop19a_TCB_m100_p100_asc/inpop19a_TCB_m100_p100_asc_vel_Plu.asc,2024-10-04T00:00:00+00:00,https://ftp.imcce.fr/pub/ephem/planets/inpop19a/inpop19a_TCB_m100_p100_asc.tar.gz.gz,https://zenodo.org/api/records/21277280/files/inpop19a_TCB_m100_p100_asc.tar.gz/content
spice_kernels/inpop19a_TCB_m100_p100_asc/inpop19a_TCB_m100_p100_asc_vel_Sat.asc,2024-10-04T00:00:00+00:00,https://ftp.imcce.fr/pub/ephem/planets/inpop19a/inpop19a_TCB_m100_p100_asc.tar.gz.gz,https://zenodo.org/api/records/21277280/files/inpop19a_TCB_m100_p100_asc.tar.gz/content
spice_kernels/inpop19a_TCB_m100_p100_asc/inpop19a_TCB_m100_p100_asc_vel_Sun.asc,2024-10-04T00:00:00+00:00,https://ftp.imcce.fr/pub/ephem/planets/inpop19a/inpop19a_TCB_m100_p100_asc.tar.gz.gz,https://zenodo.org/api/records/21277280/files/inpop19a_TCB_m100_p100_asc.tar.gz/content
spice_kernels/inpop19a_TCB_m100_p100_asc/inpop19a_TCB_m100_p100_asc_vel_Ura.asc,2024-10-04T00:00:00+00:00,https://ftp.imcce.fr/pub/ephem/planets/inpop19a/inpop19a_TCB_m100_p100_asc.tar.gz.gz,https://zenodo.org/api/records/21277280/files/inpop19a_TCB_m100_p100_asc.tar.gz/content
spice_kernels/inpop19a_TCB_m100_p100_asc/inpop19a_TCB_m100_p100_asc_vel_Ven.asc,2024-10-04T00:00:00+00:00,https://ftp.imcce.fr/pub/ephem/planets/inpop19a/inpop19a_TCB_m100_p100_asc.tar.gz.gz,https://zenodo.org/api/records/21277280/files/inpop19a_TCB_m100_p100_asc.tar.gz/content
spice_kernels/inpop19a_TDB_m100_p100_asc/inpop19a_TDB_m100_p100_asc_header.asc,2024-10-04T00:00:00+00:00,https://ftp.imcce.fr/pub/ephem/planets/inpop19a/inpop19a_TDB_m100_p100_asc.tar.gz.gz,https://zenodo.org/api/records/21277280/files/inpop19a_TDB_m100_p100_asc.tar.gz/content
spice_kernels/inpop19a_TDB_m100_p100_asc/inpop19a_TDB_m100_p100_asc_pos_EMB.asc,2024-10-04T00:00:00+00:00,https://ftp.imcce.fr/pub/ephem/planets/inpop19a/inpop19a_TDB_m100_p100_asc.tar.gz.gz,https://zenodo.org/api/records/21277280/files/inpop19a_TDB_m100_p100_asc.tar.gz/content
spice_kernels/inpop19a_TDB_m100_p100_asc/inpop19a_TDB_m100_p100_asc_pos_Ear.asc,2024-10-04T00:00:00+00:00,https://ftp.imcce.fr/pub/ephem/planets/inpop19a/inpop19a_TDB_m100_p100_asc.tar.gz.gz,https://zenodo.org/api/records/21277280/files/inpop19a_TDB_m100_p100_asc.tar.gz/content
spice_kernels/inpop19a_TDB_m100_p100_asc/inpop19a_TDB_m100_p100_asc_pos_Jup.asc,2024-10-04T00:00:00+00:00,https://ftp.imcce.fr/pub/ephem/planets/inpop19a/inpop19a_TDB_m100_p100_asc.tar.gz.gz,https://zenodo.org/api/records/21277280/files/inpop19a_TDB_m100_p100_asc.tar.gz/content
spice_kernels/inpop19a_TDB_m100_p100_asc/inpop19a_TDB_m100_p100_asc_pos_Lib.asc,2024-10-04T00:00:00+00:00,https://ftp.imcce.fr/pub/ephem/planets/inpop19a/inpop19a_TDB_m100_p100_asc.tar.gz.gz,https://zenodo.org/api/records/21277280/files/inpop19a_TDB_m100_p100_asc.tar.gz/content
spice_kernels/inpop19a_TDB_m100_p100_asc/inpop19a_TDB_m100_p100_asc_pos_Mar.asc,2024-10-04T00:00:00+00:00,https://ftp.imcce.fr/pub/ephem/planets/inpop19a/inpop19a_TDB_m100_p100_asc.tar.gz.gz,https://zenodo.org/api/records/21277280/files/inpop19a_TDB_m100_p100_asc.tar.gz/content
spice_kernels/inpop19a_TDB_m100_p100_asc/inpop19a_TDB_m100_p100_asc_pos_Mer.asc,2024-10-04T00:00:00+00:00,https://ftp.imcce.fr/pub/ephem/planets/inpop19a/inpop19a_TDB_m100_p100_asc.tar.gz.gz,https://zenodo.org/api/records/21277280/files/inpop19a_TDB_m100_p100_asc.tar.gz/content
spice_kernels/inpop19a_TDB_m100_p100_asc/inpop19a_TDB_m100_p100_asc_pos_Moo.asc,2024-10-04T00:00:00+00:00,https://ftp.imcce.fr/pub/ephem/planets/inpop19a/inpop19a_TDB_m100_p100_asc.tar.gz.gz,https://zenodo.org/api/records/21277280/files/inpop19a_TDB_m100_p100_asc.tar.gz/content
spice_kernels/inpop19a_TDB_m100_p100_asc/inpop19a_TDB_m100_p100_asc_pos_Nep.asc,2024-10-04T00:00:00+00:00,https://ftp.imcce.fr/pub/ephem/planets/inpop19a/inpop19a_TDB_m100_p100_asc.tar.gz.gz,https://zenodo.org/api/records/21277280/files/inpop19a_TDB_m100_p100_asc.tar.gz/content
spice_kernels/inpop19a_TDB_m100_p100_asc/inpop19a_TDB_m100_p100_asc_pos_Plu.asc,2024-10-04T00:00:00+00:00,https://ftp.imcce.fr/pub/ephem/planets/inpop19a/inpop19a_TDB_m100_p100_asc.tar.gz.gz,https://zenodo.org/api/records/21277280/files/inpop19a_TDB_m100_p100_asc.tar.gz/content
spice_kernels/inpop19a_TDB_m100_p100_asc/inpop19a_TDB_m100_p100_asc_pos_Sat.asc,2024-10-04T00:00:00+00:00,https://ftp.imcce.fr/pub/ephem/planets/inpop19a/inpop19a_TDB_m100_p100_asc.tar.gz.gz,https://zenodo.org/api/records/21277280/files/inpop19a_TDB_m100_p100_asc.tar.gz/content
spice_kernels/inpop19a_TDB_m100_p100_asc/inpop19a_TDB_m100_p100_asc_pos_Sun.asc,2024-10-04T00:00:00+00:00,https://ftp.imcce.fr/pub/ephem/planets/inpop19a/inpop19a_TDB_m100_p100_asc.tar.gz.gz,https://zenodo.org/api/records/21277280/files/inpop19a_TDB_m100_p100_asc.tar.gz/content
spice_kernels/inpop19a_TDB_m100_p100_asc/inpop19a_TDB_m100_p100_asc_pos_TT.asc,2024-10-04T00:00:00+00:00,https://ftp.imcce.fr/pub/ephem/planets/inpop19a/inpop19a_TDB_m100_p100_asc.tar.gz.gz,https://zenodo.org/api/records/21277280/files/inpop19a_TDB_m100_p100_asc.tar.gz/content
spice_kernels/inpop19a_TDB_m100_p100_asc/inpop19a_TDB_m100_p100_asc_pos_Ura.asc,2024-10-04T00:00:00+00:00,https://ftp.imcce.fr/pub/ephem/planets/inpop19a/inpop19a_TDB_m100_p100_asc.tar.gz.gz,https://zenodo.org/api/records/21277280/files/inpop19a_TDB_m100_p100_asc.tar.gz/content
spice_kernels/inpop19a_TDB_m100_p100_asc/inpop19a_TDB_m100_p100_asc_pos_Ven.asc,2024-10-04T00:00:00+00:00,https://ftp.imcce.fr/pub/ephem/planets/inpop19a/inpop19a_TDB_m100_p100_asc.tar.gz.gz,https://zenodo.org/api/records/21277280/files/inpop19a_TDB_m100_p100_asc.tar.gz/content
spice_kernels/inpop19a_TDB_m100_p100_asc/inpop19a_TDB_m100_p100_asc_vel_EMB.asc,2024-10-04T00:00:00+00:00,https://ftp.imcce.fr/pub/ephem/planets/inpop19a/inpop19a_TDB_m100_p100_asc.tar.gz.gz,https://zenodo.org/api/records/21277280/files/inpop19a_TDB_m100_p100_asc.tar.gz/content
spice_kernels/inpop19a_TDB_m100_p100_asc/inpop19a_TDB_m100_p100_asc_vel_Ear.asc,2024-10-04T00:00:00+00:00,https://ftp.imcce.fr/pub/ephem/planets/inpop19a/inpop19a_TDB_m100_p100_asc.tar.gz.gz,https://zenodo.org/api/records/21277280/files/inpop19a_TDB_m100_p100_asc.tar.gz/content
spice_kernels/inpop19a_TDB_m100_p100_asc/inpop19a_TDB_m100_p100_asc_vel_Jup.asc,2024-10-04T00:00:00+00:00,https://ftp.imcce.fr/pub/ephem/planets/inpop19a/inpop19a_TDB_m100_p100_asc.tar.gz.gz,https://zenodo.org/api/records/21277280/files/inpop19a_TDB_m100_p100_asc.tar.gz/content
spice_kernels/inpop19a_TDB_m100_p100_asc/inpop19a_TDB_m100_p100_asc_vel_Lib.asc,2024-10-04T00:00:00+00:00,https://ftp.imcce.fr/pub/ephem/planets/inpop19a/inpop19a_TDB_m100_p100_asc.tar.gz.gz,https://zenodo.org/api/records/21277280/files/inpop19a_TDB_m100_p100_asc.tar.gz/content
spice_kernels/inpop19a_TDB_m100_p100_asc/inpop19a_TDB_m100_p100_asc_vel_Mar.asc,2024-10-04T00:00:00+00:00,https://ftp.imcce.fr/pub/ephem/planets/inpop19a/inpop19a_TDB_m100_p100_asc.tar.gz.gz,https://zenodo.org/api/records/21277280/files/inpop19a_TDB_m100_p100_asc.tar.gz/content
spice_kernels/inpop19a_TDB_m100_p100_asc/inpop19a_TDB_m100_p100_asc_vel_Mer.asc,2024-10-04T00:00:00+00:00,https://ftp.imcce.fr/pub/ephem/planets/inpop19a/inpop19a_TDB_m100_p100_asc.tar.gz.gz,https://zenodo.org/api/records/21277280/files/inpop19a_TDB_m100_p100_asc.tar.gz/content
spice_kernels/inpop19a_TDB_m100_p100_asc/inpop19a_TDB_m100_p100_asc_vel_Moo.asc,2024-10-04T00:00:00+00:00,https://ftp.imcce.fr/pub/ephem/planets/inpop19a/inpop19a_TDB_m100_p100_asc.tar.gz.gz,https://zenodo.org/api/records/21277280/files/inpop19a_TDB_m100_p100_asc.tar.gz/content
spice_kernels/inpop19a_TDB_m100_p100_asc/inpop19a_TDB_m100_p100_asc_vel_Nep.asc,2024-10-04T00:00:00+00:00,https://ftp.imcce.fr/pub/ephem/planets/inpop19a/inpop19a_TDB_m100_p100_asc.tar.gz.gz,https://zenodo.org/api/records/21277280/files/inpop19a_TDB_m100_p100_asc.tar.gz/content
spice_kernels/inpop19a_TDB_m100_p100_asc/inpop19a_TDB_m100_p100_asc_vel_Plu.asc,2024-10-04T00:00:00+00:00,https://ftp.imcce.fr/pub/ephem/planets/inpop19a/inpop19a_TDB_m100_p100_asc.tar.gz.gz,https://zenodo.org/api/records/21277280/files/inpop19a_TDB_m100_p100_asc.tar.gz/content
spice_kernels/inpop19a_TDB_m100_p100_asc/inpop19a_TDB_m100_p100_asc_vel_Sat.asc,2024-10-04T00:00:00+00:00,https://ftp.imcce.fr/pub/ephem/planets/inpop19a/inpop19a_TDB_m100_p100_asc.tar.gz.gz,https://zenodo.org/api/records/21277280/files/inpop19a_TDB_m100_p100_asc.tar.gz/content
spice_kernels/inpop19a_TDB_m100_p100_asc/inpop19a_TDB_m100_p100_asc_vel_Sun.asc,2024-10-04T00:00:00+00:00,https://ftp.imcce.fr/pub/ephem/planets/inpop19a/inpop19a_TDB_m100_p100_asc.tar.gz.gz,https://zenodo.org/api/records/21277280/files/inpop19a_TDB_m100_p100_asc.tar.gz/content
spice_kernels/inpop19a_TDB_m100_p100_asc/inpop19a_TDB_m100_p100_asc_vel_Ura.asc,2024-10-04T00:00:00+00:00,https://ftp.imcce.fr/pub/ephem/planets/inpop19a/inpop19a_TDB_m100_p100_asc.tar.gz.gz,https://zenodo.org/api/records/21277280/files/inpop19a_TDB_m100_p100_asc.tar.gz/content
spice_kernels/inpop19a_TDB_m100_p100_asc/inpop19a_TDB_m100_p100_asc_vel_Ven.asc,2024-10-04T00:00:00+00:00,https://ftp.imcce.fr/pub/ephem/planets/inpop19a/inpop19a_TDB_m100_p100_asc.tar.gz.gz,https://zenodo.org/api/records/21277280/files/inpop19a_TDB_m100_p100_asc.tar.gz/content
spice_kernels/inpop19a_TDB_m100_p100_spice/inpop19a_TDB_m100_p100_spice.bpc,2024-10-04T00:00:00+00:00,https://ftp.imcce.fr/pub/ephem/planets/inpop19a/inpop19a_TDB_m100_p100_spice.tar.gz.gz,https://zenodo.org/api/records/21277280/files/inpop19a_TDB_m100_p100_spice.tar.gz/content
spice_kernels/inpop19a_TDB_m100_p100_spice/inpop19a_TDB_m100_p100_spice.bsp,2024-10-04T00:00:00+00:00,https://ftp.imcce.fr/pub/ephem/planets/inpop19a/inpop19a_TDB_m100_p100_spice.tar.gz.gz,https://zenodo.org/api/records/21277280/files/inpop19a_TDB_m100_p100_spice.tar.gz/content
spice_kernels/inpop19a_TDB_m100_p100_spice/inpop19a_TDB_m100_p100_spice.tpc,2024-10-04T00:00:00+00:00,https://ftp.imcce.fr/pub/ephem/planets/inpop19a/inpop19a_TDB_m100_p100_spice.tar.gz.gz,https://zenodo.org/api/records/21277280/files/inpop19a_TDB_m100_p100_spice.tar.gz/content
spice_kernels/juice_mat_crema_4_0_20220601_20330626_v01.bsp,2024-10-04T00:00:00+00:00,https://spiftp.esac.esa.int/data/SPICE/JUICE/kernels/spk/juice_mat_crema_4_0_20220601_20330626_v01.bsp,https://zenodo.org/api/records/21277280/files/spice_kernels.tar.gz/content
spice_kernels/mars_iau2000_v1.tpc,2024-10-04T00:00:00+00:00,https://naif.jpl.nasa.gov/pub/naif/generic_kernels/pck/mars_iau2000_v1.tpc,https://zenodo.org/api/records/21277280/files/spice_kernels.tar.gz/content
spice_kernels/moon_080317.tf,2024-10-04T00:00:00+00:00,https://naif.jpl.nasa.gov/pub/naif/generic_kernels/fk/satellites/moon_080317.tf,https://zenodo.org/api/records/21277280/files/spice_kernels.tar.gz/content
spice_kernels/moon_assoc_pa.tf,2024-10-04T00:00:00+00:00,https://naif.jpl.nasa.gov/pub/naif/generic_kernels/fk/satellites/moon_assoc_pa.tf,https://zenodo.org/api/records/21277280/files/spice_kernels.tar.gz/content
spice_kernels/moon_de440_200625.tf,2024-10-04T00:00:00+00:00,https://naif.jpl.nasa.gov/pub/naif/generic_kernels/fk/satellites/a_old_versions/moon_de440_200625.tf,https://zenodo.org/api/records/21277280/files/spice_kernels.tar.gz/content
spice_kernels/moon_pa_de440_200625.bpc,2024-10-04T00:00:00+00:00,https://naif.jpl.nasa.gov/pub/naif/generic_kernels/pck/moon_pa_de440_200625.bpc,https://zenodo.org/api/records/21277280/files/spice_kernels.tar.gz/content
spice_kernels/moon_pa_de440_200625.cmt,2024-10-04T00:00:00+00:00,https://naif.jpl.nasa.gov/pub/naif/generic_kernels/pck/moon_pa_de440_200625.cmt,https://zenodo.org/api/records/21277280/files/spice_kernels.tar.gz/content
spice_kernels/naif.json,2024-10-04T00:00:00+00:00,https://raw.githubusercontent.com/tudat-team/tudat-resources/refs/tags/2.4/resource//spice_kernels/naif.json,https://zenodo.org/api/records/21277280/files/spice_kernels.tar.gz/content
spice_kernels/naif0012.tls,2024-10-04T00:00:00+00:00,https://naif.jpl.nasa.gov/pub/naif/generic_kernels/lsk/naif0012.tls,https://zenodo.org/api/records/21277280/files/spice_kernels.tar.gz/content
spice_kernels/pck00010.tpc,2024-10-04T00:00:00+00:00,https://naif.jpl.nasa.gov/pub/naif/generic_kernels/pck/pck00010.tpc,https://zenodo.org/api/records/21277280/files/spice_kernels.tar.gz/content
spice_kernels/pck00011.tpc,2024-10-04T00:00:00+00:00,https://naif.jpl.nasa.gov/pub/naif/generic_kernels/pck/pck00011.tpc,https://zenodo.org/api/records/21277280/files/spice_kernels.tar.gz/content
spice_kernels/tudat_merged_spk_kernel.bsp,2024-10-04T00:00:00+00:00,https://raw.githubusercontent.com/tudat-team/tudat-resources/refs/tags/2.4/resource//spice_kernels/tudat_merged_spk_kernel.bsp,https://zenodo.org/api/records/21277280/files/spice_kernels.tar.gz/content
spice_kernels/tudat_merged_spk_kernel.inp,2024-10-04T00:00:00+00:00,https://raw.githubusercontent.com/tudat-team/tudat-resources/refs/tags/2.4/resource//spice_kernels/tudat_merged_spk_kernel.inp,https://zenodo.org/api/records/21277280/files/spice_kernels.tar.gz/content
spice_kernels/tudat_space.json,2024-10-04T00:00:00+00:00,https://raw.githubusercontent.com/tudat-team/tudat-resources/refs/tags/2.4/resource//spice_kernels/tudat_space.json,https://zenodo.org/api/records/21277280/files/spice_kernels.tar.gz/content
star_catalog_biases/debias_2018/README.txt,2024-10-04T00:00:00+00:00,https://raw.githubusercontent.com/tudat-team/tudat-resources/refs/tags/2.4/resource//star_catalog_biases/debias_2018/README.txt,https://zenodo.org/api/records/21277280/files/star_catalog_biases.tar.gz/content
star_catalog_biases/debias_2018/bias.dat,2024-10-04T00:00:00+00:00,https://raw.githubusercontent.com/tudat-team/tudat-resources/refs/tags/2.4/resource//star_catalog_biases/debias_2018/bias.dat,https://zenodo.org/api/records/21277280/files/star_catalog_biases.tar.gz/content
star_catalog_biases/debias_2018/tiles.dat,2024-10-04T00:00:00+00:00,https://raw.githubusercontent.com/tudat-team/tudat-resources/refs/tags/2.4/resource//star_catalog_biases/debias_2018/tiles.dat,https://zenodo.org/api/records/21277280/files/star_catalog_biases.tar.gz/content
station_locations/glo.sit,2024-10-04T00:00:00+00:00,https://raw.githubusercontent.com/tudat-team/tudat-resources/refs/tags/2.4/resource//station_locations/glo.sit,https://zenodo.org/api/records/21277280/files/station_locations.tar.gz/content
station_locations/glo.vel,2024-10-04T00:00:00+00:00,https://raw.githubusercontent.com/tudat-team/tudat-resources/refs/tags/2.4/resource//station_locations/glo.vel,https://zenodo.org/api/records/21277280/files/station_locations.tar.gz/content
station_locations/mpc.sit,2024-10-04T00:00:00+00:00,https://raw.githubusercontent.com/tudat-team/tudat-resources/refs/tags/2.4/resource//station_locations/mpc.sit,https://zenodo.org/api/records/21277280/files/station_locations.tar.gz/content
station_locations/mpc.vel,2024-10-04T00:00:00+00:00,https://raw.githubusercontent.com/tudat-team/tudat-resources/refs/tags/2.4/resource//station_locations/mpc.vel,https://zenodo.org/api/records/21277280/files/station_locations.tar.gz/content
station_locations/mpc_codes.dat,2024-10-04T00:00:00+00:00,https://raw.githubusercontent.com/tudat-team/tudat-resources/refs/tags/2.4/resource//station_locations/mpc_codes.dat,https://zenodo.org/api/records/21277280/files/station_locations.tar.gz/content
station_locations/ns_codes.dat,2024-10-04T00:00:00+00:00,https://raw.githubusercontent.com/tudat-team/tudat-resources/refs/tags/2.4/resource//station_locations/ns_codes.dat,https://zenodo.org/api/records/21277280/files/station_locations.tar.gz/content
